Priority,Target keyword,Search intent,Target page,Implementation
1,web design company in Coimbatore,Primary commercial,index.html,Primary title/H1 + service copy
2,digital marketing company in Coimbatore,Primary commercial,index.html,Primary title/H1 + service copy
3,web design and digital marketing company Coimbatore,Commercial,index.html,Supporting page cluster and natural body copy
4,digital agency in Coimbatore,Commercial,index.html,Supporting page cluster and natural body copy
5,creative digital agency Coimbatore,Commercial,index.html,Supporting page cluster and natural body copy
6,website design company in Coimbatore,Primary commercial,website-design-company-in-coimbatore.html,Primary title/H1 + service copy
7,best web design company in Coimbatore,Comparison commercial,website-design-company-in-coimbatore.html,Supporting page cluster and natural body copy
8,website designers in Coimbatore,Commercial,website-design-company-in-coimbatore.html,Supporting page cluster and natural body copy
9,business website design Coimbatore,Transactional,website-design-company-in-coimbatore.html,Supporting page cluster and natural body copy
10,responsive web design company Coimbatore,Commercial,website-design-company-in-coimbatore.html,Supporting page cluster and natural body copy
11,corporate website design Coimbatore,Transactional,website-design-company-in-coimbatore.html,Supporting page cluster and natural body copy
12,website redesign company Coimbatore,Transactional,website-design-company-in-coimbatore.html,Supporting page cluster and natural body copy
13,landing page design company Coimbatore,Transactional,website-design-company-in-coimbatore.html,Supporting page cluster and natural body copy
14,website development company in Coimbatore,Primary commercial,website-development-company-in-coimbatore.html,Primary title/H1 + service copy
15,web development company in Coimbatore,Commercial,website-development-company-in-coimbatore.html,Supporting page cluster and natural body copy
16,custom website development Coimbatore,Transactional,website-development-company-in-coimbatore.html,Supporting page cluster and natural body copy
17,WordPress website development Coimbatore,Transactional,website-development-company-in-coimbatore.html,Supporting page cluster and natural body copy
18,small business website development Coimbatore,Transactional,website-development-company-in-coimbatore.html,Supporting page cluster and natural body copy
19,fast website development company Coimbatore,Commercial,website-development-company-in-coimbatore.html,Supporting page cluster and natural body copy
20,SEO company in Coimbatore,Primary commercial,seo-company-in-coimbatore.html,Primary title/H1 + service copy
21,SEO services in Coimbatore,Transactional,seo-company-in-coimbatore.html,Supporting page cluster and natural body copy
22,local SEO company Coimbatore,Commercial,seo-company-in-coimbatore.html,Supporting page cluster and natural body copy
23,SEO consultant in Coimbatore,Commercial,seo-company-in-coimbatore.html,Supporting page cluster and natural body copy
24,Google Maps SEO Coimbatore,Transactional,seo-company-in-coimbatore.html,Supporting page cluster and natural body copy
25,technical SEO audit Coimbatore,Transactional,seo-company-in-coimbatore.html,Supporting page cluster and natural body copy
26,on-page SEO services Coimbatore,Transactional,seo-company-in-coimbatore.html,Supporting page cluster and natural body copy
27,digital marketing company in Coimbatore,Primary commercial,digital-marketing-company-in-coimbatore.html,Primary title/H1 + service copy
28,digital marketing agency in Coimbatore,Commercial,digital-marketing-company-in-coimbatore.html,Supporting page cluster and natural body copy
29,online marketing company Coimbatore,Commercial,digital-marketing-company-in-coimbatore.html,Supporting page cluster and natural body copy
30,lead generation company Coimbatore,Transactional,digital-marketing-company-in-coimbatore.html,Supporting page cluster and natural body copy
31,performance marketing agency Coimbatore,Commercial,digital-marketing-company-in-coimbatore.html,Supporting page cluster and natural body copy
32,digital marketing services Coimbatore,Transactional,digital-marketing-company-in-coimbatore.html,Supporting page cluster and natural body copy
33,Google Ads agency in Coimbatore,Primary commercial,google-ads-management-company-in-coimbatore.html,Primary title/H1 + service copy
34,Google Ads management company Coimbatore,Commercial,google-ads-management-company-in-coimbatore.html,Supporting page cluster and natural body copy
35,PPC company in Coimbatore,Commercial,google-ads-management-company-in-coimbatore.html,Supporting page cluster and natural body copy
36,Google Ads consultant Coimbatore,Commercial,google-ads-management-company-in-coimbatore.html,Supporting page cluster and natural body copy
37,search ads agency Coimbatore,Commercial,google-ads-management-company-in-coimbatore.html,Supporting page cluster and natural body copy
38,Google lead generation services Coimbatore,Transactional,google-ads-management-company-in-coimbatore.html,Supporting page cluster and natural body copy
39,Meta Ads agency Coimbatore,Primary commercial,meta-ads-management-company-in-coimbatore.html,Primary title/H1 + service copy
40,Facebook Ads agency Coimbatore,Commercial,meta-ads-management-company-in-coimbatore.html,Supporting page cluster and natural body copy
41,Instagram Ads agency Coimbatore,Commercial,meta-ads-management-company-in-coimbatore.html,Supporting page cluster and natural body copy
42,social media advertising company Coimbatore,Commercial,meta-ads-management-company-in-coimbatore.html,Supporting page cluster and natural body copy
43,Facebook lead generation Coimbatore,Transactional,meta-ads-management-company-in-coimbatore.html,Supporting page cluster and natural body copy
44,Instagram advertising services Coimbatore,Transactional,meta-ads-management-company-in-coimbatore.html,Supporting page cluster and natural body copy
45,logo design company in Coimbatore,Primary commercial,logo-design-company-in-coimbatore.html,Primary title/H1 + service copy
46,professional logo designer Coimbatore,Commercial,logo-design-company-in-coimbatore.html,Supporting page cluster and natural body copy
47,branding agency in Coimbatore,Commercial,logo-design-company-in-coimbatore.html,Supporting page cluster and natural body copy
48,business logo design Coimbatore,Transactional,logo-design-company-in-coimbatore.html,Supporting page cluster and natural body copy
49,brand identity design Coimbatore,Transactional,logo-design-company-in-coimbatore.html,Supporting page cluster and natural body copy
50,poster design company in Coimbatore,Primary commercial,poster-design-company-in-coimbatore.html,Primary title/H1 + service copy
51,graphic design company Coimbatore,Commercial,poster-design-company-in-coimbatore.html,Supporting page cluster and natural body copy
52,social media poster design Coimbatore,Transactional,poster-design-company-in-coimbatore.html,Supporting page cluster and natural body copy
53,promotional poster design Coimbatore,Transactional,poster-design-company-in-coimbatore.html,Supporting page cluster and natural body copy
54,ad creative design company Coimbatore,Commercial,poster-design-company-in-coimbatore.html,Supporting page cluster and natural body copy
55,video ads company in Coimbatore,Primary commercial,video-ads-company-in-coimbatore.html,Primary title/H1 + service copy
56,video marketing agency Coimbatore,Commercial,video-ads-company-in-coimbatore.html,Supporting page cluster and natural body copy
57,Instagram Reels video editing Coimbatore,Transactional,video-ads-company-in-coimbatore.html,Supporting page cluster and natural body copy
58,promotional video company Coimbatore,Commercial,video-ads-company-in-coimbatore.html,Supporting page cluster and natural body copy
59,short-form video ads Coimbatore,Transactional,video-ads-company-in-coimbatore.html,Supporting page cluster and natural body copy
